Response,Model,Predictor,Standardized β [95% CI],p-value
B. Godwit response,,,,
,Godwit: SHI model,Soil Health Index,"0.50 [0.08, 0.93]",0.023
,,Clay+silt,"-0.31 [-0.73, 0.12]",0.147
,,Intermediate vs Diversified,"-0.63 [-1.42, 0.16]",0.115
,,Intensive vs Diversified,"-1.06 [-1.88, -0.24]",0.014
,Godwit: AES model,AES income per ha,"0.48 [0.14, 0.82]",0.008
,,Clay+silt,"-0.16 [-0.49, 0.17]",0.328
,,Intermediate vs Diversified,"-0.80 [-1.52, -0.08]",0.032
,,Intensive vs Diversified,"-0.94 [-1.75, -0.14]",0.023
,Godwit: integrated model,Soil Health Index,"0.37 [-0.03, 0.78]",0.067
,,AES income per ha,"0.40 [0.06, 0.73]",0.022
,,Clay+silt,"-0.37 [-0.76, 0.02]",0.059
,,Intermediate vs Diversified,"-0.61 [-1.33, 0.11]",0.093
,,Intensive vs Diversified,"-0.82 [-1.59, -0.04]",0.039
