model,response,n,term,estimate,std.error,statistic,p.value
SOM,SOM_Average_g_kg_soil,34,(Intercept),78.18285317305264,16.58279923855868,4.714695754819258,5.208323940569649e-5
SOM,SOM_Average_g_kg_soil,34,clay_silt,1.1857148687433883,0.24924693776490464,4.757189313442163,4.6209716335071065e-5
SOM,SOM_Average_g_kg_soil,34,management_typeIntensive,-32.24559004800397,14.12309134839216,-2.283182148480188,0.02967347480999978
SOM,SOM_Average_g_kg_soil,34,management_typeIntermediate,-23.606395685159164,11.918428856905336,-1.980663388486983,0.05686283041137505
POM,POM_Average_g_kg_soil,34,(Intercept),63.382839079156504,10.309617199939597,6.147933317982734,9.227444276207099e-7
POM,POM_Average_g_kg_soil,34,clay_silt,-0.07595022524729743,0.15495818767668318,-0.49013367015988785,0.6276048429167482
POM,POM_Average_g_kg_soil,34,management_typeIntensive,-17.395352726219347,8.780403319551814,-1.9811564563878454,0.056804787707289195
POM,POM_Average_g_kg_soil,34,management_typeIntermediate,-12.03917931405437,7.409752561780848,-1.6247748104507411,0.11467218740578859
MAOM,MAOM_mean_g_kg,34,(Intercept),14.857839464099335,7.760791620315047,1.914474732861876,0.06513961351981568
MAOM,MAOM_mean_g_kg,34,clay_silt,1.2618655173660243,0.1166481917900361,10.81770319798314,7.111386651222319e-12
MAOM,MAOM_mean_g_kg,34,management_typeIntensive,-14.918862853625393,6.6096421606966524,-2.257136239891836,0.03143929204311016
MAOM,MAOM_mean_g_kg,34,management_typeIntermediate,-11.638733672682237,5.577854587114415,-2.086596825160924,0.045524227536607426
Soil Moisture,Moisture_percent_DS,34,(Intercept),58.60421926229142,6.912528194207775,8.477971823883156,1.843924602636711e-9
Soil Moisture,Moisture_percent_DS,34,clay_silt,0.12020479741945732,0.10389841062621492,1.1569454883377022,0.2564241506505992
Soil Moisture,Moisture_percent_DS,34,management_typeIntensive,-18.147747205381396,5.887200690950296,-3.082576619695979,0.0043741820913042835
Soil Moisture,Moisture_percent_DS,34,management_typeIntermediate,-11.35187064784464,4.968188682671311,-2.2849113374939156,0.02955947421653007
Bulk Density,BD_0_10_mean,33,(Intercept),923.9673316919054,65.22842838765881,14.1651018510009,1.4575135225897453e-14
Bulk Density,BD_0_10_mean,33,clay_silt,-2.8347102634098587,0.9781710741284969,-2.8979698320515643,0.007081656910397501
Bulk Density,BD_0_10_mean,33,management_typeIntensive,150.72052413129651,55.80085989926477,2.7010430377486423,0.01142152331534994
Bulk Density,BD_0_10_mean,33,management_typeIntermediate,138.75383259118837,47.25929935425937,2.936011208102746,0.006446982850368654
pH,pH_mean,34,(Intercept),5.618988701660021,0.2739422414948521,20.511581824687713,3.32582307886505e-19
pH,pH_mean,34,clay_silt,-0.005637188053827662,0.004117475212404517,-1.3690885222198255,0.1811354097943294
pH,pH_mean,34,management_typeIntensive,0.41008847939301807,0.23330869807668092,1.7577076327357304,0.08899843028219172
pH,pH_mean,34,management_typeIntermediate,0.5972660512227665,0.1968884184864168,3.0335255664820706,0.004953149106074193
Arylsulfatase,aryl_sul_mean,34,(Intercept),459.071824755471,105.4286631707054,4.354336012135166,1.430562784925576e-4
Arylsulfatase,aryl_sul_mean,34,clay_silt,3.6545726343989116,1.5846402691075379,2.3062474844572454,0.02818504924130482
Arylsulfatase,aryl_sul_mean,34,management_typeIntensive,-55.85716913380637,89.79054858461626,-0.6220829476408426,0.5385869139365208
Arylsulfatase,aryl_sul_mean,34,management_typeIntermediate,-0.7476644682433865,75.773939212684,-0.009867039723839947,0.9921926939387176
Acid phosphatase,ac_fos_mean,34,(Intercept),793.4395933390557,263.8402513729611,3.007272731170423,0.005292209942485559
Acid phosphatase,ac_fos_mean,34,clay_silt,18.551665055657104,3.9656377531800224,4.6781038032988835,5.773201769178791e-5
Acid phosphatase,ac_fos_mean,34,management_typeIntensive,-255.14837507271156,224.70512474508809,-1.1354808901762217,0.2651643532816421
Acid phosphatase,ac_fos_mean,34,management_typeIntermediate,-172.57324190129253,189.62789215133571,-0.910062543771607,0.37004379538874177
Beta-glucosidase,beta_glu_mean,34,(Intercept),245.94419015700848,62.391789664053604,3.94193196703102,4.4780442382448115e-4
Beta-glucosidase,beta_glu_mean,34,clay_silt,4.078114808810209,0.937776686054183,4.348705688098737,1.4532110067424405e-4
Beta-glucosidase,beta_glu_mean,34,management_typeIntensive,-64.66003426959809,53.13728593940854,-1.216848642652331,0.23314850040578822
Beta-glucosidase,beta_glu_mean,34,management_typeIntermediate,14.416391624900761,44.842375262975004,0.32149036576133244,0.750068088628084
Urease,urease_mean,34,(Intercept),40.04187144297445,17.938835954971445,2.2321332077222946,0.03322289411485249
Urease,urease_mean,34,clay_silt,0.7940887794014722,0.2696287800703196,2.9451187636363323,0.006184757839649511
Urease,urease_mean,34,management_typeIntensive,36.109137358316644,15.27798866953562,2.3634745475573253,0.024779692215126155
Urease,urease_mean,34,management_typeIntermediate,54.2122339046712,12.89304278664147,4.204766462176074,2.1690101982401987e-4
Shannon,Shannon,34,(Intercept),4.369106013957548,0.2479510368511786,17.620841878470976,2.257680301856226e-17
Shannon,Shannon,34,clay_silt,0.003414010016335639,0.0037268157059447593,0.9160662307207318,0.3669376305637664
Shannon,Shannon,34,management_typeIntensive,-0.3285943384981515,0.21117273947544415,-1.556045251458044,0.13018506892709808
Shannon,Shannon,34,management_typeIntermediate,-0.7083336673180156,0.1782079581495036,-3.9747588978252857,4.092558259840091e-4
Shannon-SRS,Shannon_SRS,34,(Intercept),2.218982258507189,0.18115179032592504,12.249297975553187,3.33240272379367e-13
Shannon-SRS,Shannon_SRS,34,clay_silt,0.004345066882989696,0.002722792959127165,1.595812442670109,0.12101266480557833
Shannon-SRS,Shannon_SRS,34,management_typeIntensive,0.09699942335951346,0.15428174977532877,0.6287161216460656,0.5342930623050021
Shannon-SRS,Shannon_SRS,34,management_typeIntermediate,0.011533476953031979,0.1301978450224684,0.088584238479843,0.9300010542393529
