variable,component,percent_explained,p_value,sig_label,xmax,xmin,x_mid
Shannon-SRS,Clay-Silt,7.658344052452789,0.12101266480557835,,7.658344052452789,0,3.8291720262263946
Shannon-SRS,Management type,1.2191120844377015,0.8176364814003434,,8.87745613689049,7.658344052452789,8.26790009467164
Shannon-SRS,Unexplained,91.12254386310951,NA,,99.999,8.87745613689049,54.43872806844524
Shannon,Clay-Silt,1.7470338649263888,0.3669376305637658,,1.7470338649263888,0,0.8735169324631944
Shannon,Management type,33.234323053345136,0.0016617450183440713,**,34.98135691827152,1.7470338649263888,18.364195391598958
Shannon,Unexplained,65.01864308172848,NA,,99.999,34.98135691827152,67.49067845913576
Urease,Clay-Silt,15.90782071659255,0.006184757839649498,**,15.90782071659255,0,7.953910358296275
Urease,Management type,34.98135429531524,6.224529592181419e-4,***,50.889175011907795,15.90782071659255,33.398497864250174
Urease,Unexplained,49.110824988092205,NA,,99.999,50.889175011907795,75.4445875059539
Beta-glucosidase,Clay-Silt,38.70770584280622,1.4532110067424405e-4,***,38.70770584280622,0,19.35385292140311
Beta-glucosidase,Management type,4.063283973987777,0.38246081077846744,,42.770989816794,38.70770584280622,40.73934782980011
Beta-glucosidase,Unexplained,57.22901018320601,NA,,99.999,42.770989816794,71.385494908397
Acid phosphatase,Clay-Silt,40.7242882159753,5.7732017691787694e-5,***,40.7242882159753,0,20.36214410798765
Acid phosphatase,Management type,3.0761751206323145,0.4472769670572715,,43.80046333660761,40.7242882159753,42.26237577629146
Acid phosphatase,Unexplained,56.199536663392394,NA,,99.999,43.80046333660761,71.9002316683038
Arylsulfatase,Clay-Silt,15.511433090371249,0.02818504924130482,*,15.511433090371249,0,7.755716545185624
Arylsulfatase,Management type,1.223962699087182,0.8118899658190356,,16.73539578945843,15.511433090371249,16.12341443991484
Arylsulfatase,Unexplained,83.26460421054158,NA,,99.999,16.73539578945843,58.36769789472922
pH,Clay-Silt,4.2525522060262135,0.18113540979432952,,4.2525522060262135,0,2.1262761030131068
pH,Management type,22.742611212529887,0.01324231327528178,*,26.9951634185561,4.2525522060262135,15.623857812291156
pH,Unexplained,73.0048365814439,NA,,99.999,26.9951634185561,63.49758170927805
Bulk Density,Clay-Silt,16.226586863699982,0.007081656910397501,**,16.226586863699982,0,8.113293431849991
Bulk Density,Management type,23.58212311618288,0.006137236263117266,**,39.80870997988286,16.226586863699982,28.01764842179142
Bulk Density,Unexplained,60.19129002011714,NA,,99.999,39.80870997988286,69.90435498994142
Soil Moisture,Clay-Silt,3.066627246962797,0.25642415065059937,,3.066627246962797,0,1.5333136234813984
Soil Moisture,Management type,26.54150540225986,0.007460913070655292,**,29.608132649222657,3.066627246962797,16.337379948092728
Soil Moisture,Unexplained,70.39186735077733,NA,,99.999,29.608132649222657,64.80406632461133
MAOM,Clay-Silt,75.6707291681058,7.1113866512223445e-12,***,75.6707291681058,0,37.8353645840529
MAOM,Management type,4.728607996630239,0.03792933788818298,*,80.39933716473604,75.6707291681058,78.03503316642092
MAOM,Unexplained,19.60066283526397,NA,,99.999,80.39933716473604,90.19966858236802
POM,Clay-Silt,0.6945529649297362,0.6276048429167487,,0.6945529649297362,0,0.3472764824648681
POM,Management type,14.788967582443204,0.09427443399565032,.,15.48352054737294,0.6945529649297362,8.089036756151339
POM,Unexplained,84.51647945262705,NA,,99.999,15.48352054737294,57.74176027368647
SOM,Clay-Silt,37.24347920646587,4.62097163350714e-5,***,37.24347920646587,0,18.621739603232935
SOM,Management type,11.669797298735029,0.04147364297540111,*,48.9132765052009,37.24347920646587,43.07837785583339
SOM,Unexplained,51.0867234947991,NA,,99.999,48.9132765052009,74.45663825260044
