response_variable,soil_variable_tested,coefficient_estimate,soil_variable_p_value,significance_label,soil_variable_type2_p_value,clay_silt_type2_p_value,management_type2_p_value,semipartial_r2_soil_variable,semipartial_r2_clay_silt,semipartial_r2_management_type,semipartial_r2_unexplained,r_squared,adjusted_r_squared,AIC,n_used
log_TerritorialsPerHa,beta_glu_mean,0.00236977984887111,1.2354382862635405e-4,***,1.2354382862635405e-4,0.032697741672963014,0.0018121625801665868,0.3206701507080917,0.07799967554112824,0.2540377108469663,0.3472924629038138,0.6513913667834396,0.5907637783979507,8.667817464476329,28
log_TerritorialsPerHa,aryl_sul_mean,9.45241139473017e-4,0.006027438487157129,**,0.006027438487157135,0.466314885370845,0.007282953392821506,0.20339534395952755,0.01219891103084695,0.27313085481922444,0.5112748901904011,0.5203287320819289,0.43690764200922083,17.60404861731366,28
log_TerritorialsPerHa,pH_mean,0.31822349201045486,0.01870445214334527,*,0.01870445214334527,0.3675398604078236,6.262498190969815e-4,0.12570736182008066,0.0165908576006499,0.40606154435852787,0.4516402362207416,0.47549431733093445,0.3842759377363144,20.105995657984558,28
log_TerritorialsPerHa,urease_mean,0.003604688070207387,0.09793472902398219,.,0.09793472902398219,0.5135325181624902,0.0027133050515774798,0.07107715307822558,0.0105188398853249,0.36904058816392027,0.5493634188725293,0.4063171780183371,0.30306799158674347,23.57488611222952,28
log_TerritorialsPerHa,POM_Average_g_kg_soil,0.005804145862978535,0.10860059018118784,ns,0.10860059018118784,0.7629455780425333,0.06917058234532499,0.08737759124817124,0.0029208788821252804,0.1885566442034637,0.7211448856662398,0.40196670260777384,0.2979609117569517,23.779320458042882,28
log_TerritorialsPerHa,BD_0_10_mean,-1.566806721039673e-4,0.8101790757002668,ns,0.8101790757002689,0.9064714801659277,0.037226446057287026,0.0019868251528700675,4.748917089417682e-4,0.25792110748765207,0.7396171756505361,0.3857325339099665,0.2740475400754149,24.3781040726568,27
log_TerritorialsPerHa,Moisture_percent_DS,0.007369277259679726,0.19487761242881646,ns,0.19487761242881663,0.7259171848236023,0.1895336359514631,0.06257978011097688,0.004420717478843933,0.12563151638377817,0.807367986026401,0.37773799685473075,0.2695185180468578,24.891334782758957,28
log_TerritorialsPerHa,SOM_Average_g_kg_soil,0.0028910203701500835,0.22043702300568702,ns,0.22043702300568674,0.4748216826395666,0.08851157751718337,0.051999568229939855,0.01730084937816134,0.17692010560128082,0.753779476790618,0.3727751229859408,0.26369253567914785,25.113764007582017,28
log_TerritorialsPerHa,ac_fos_mean,1.9128275683745417e-4,0.23896538422839556,ns,0.2389653842283956,0.5061197642146774,0.019911223145640037,0.04267329366754798,0.01332105999343898,0.2724684627382348,0.6715371836007783,0.3695672247803004,0.25992674213339595,25.256603109132886,28
log_TerritorialsPerHa,Shannon,-0.15685926421598673,0.3152102053840965,ns,0.31521020538409644,0.8071969138478304,0.007191282117123971,0.028930074473795475,0.001672459926237694,0.3382407424644674,0.6311567231354993,0.35889213980686296,0.24739512064283908,25.72675623472759,28
log_TerritorialsPerHa,Shannon_SRS,0.17275628129872242,0.39737113111817246,ns,0.39737113111817235,0.9782100879905274,0.007554707401295663,0.020705688561044936,2.1225472972652387e-5,0.3389472790106111,0.6403258069553714,0.35050802644931434,0.23755290061441237,26.090553703658554,28
log_TerritorialsPerHa,MAOM_mean_g_kg,0.0021439841639844226,0.6819061666983168,ns,0.6819061666983179,0.7532530221573944,0.04990913516906134,0.005720593474050491,0.003359945413849881,0.22737097127470166,0.763548489837398,0.33449200189040085,0.21875148048003568,26.772638682465264,28
