"Field_ID","Total_AES_income_EUR","AES_income_EUR_per_ha","AES_practice","Godwit_density_per_ha","Field_area_ha","Meadow_type","Management_intensity"
1,4970.9574021147,781.545971053843,"DelayedMowing",0.70750090681649,6.360415876,"HerbRich","Extensive"
6,1087.40202279269,94.9959133044386,"NestProtection",0.262081303823037,11.4468295,"RyeGrass","Intensive"
10,5683.2292774896,1538.96286086642,"HerbRich",0.406185317992189,3.692895665,"HerbRich","Extensive"
13,698.99840176663,100.066359747517,"NestProtection",0,6.985348558,"RyeGrass","Intensive"
14,806.11580590434,1424.23287262251,"HerbRich",0,0.566,"HerbRich","Extensive"
15,1617.38033204458,762.196197947493,"NestProtection",0,2.122,"HerbRich","Extensive"
16,445.36733857508,332.115837863594,"NestProtection",0,1.341,"RyeGrass","Intensive"
17,12264.9133788771,1393.58179512295,"HerbRich",0,8.801,"HerbRich","Extensive"
18,175.54163490893,203.173188552002,"NestProtection",0,0.864,"HerbRich","Extensive"
21,1647.70661985857,1274.21202487282,"HerbRich",2.31997373109211,1.29311809,"HerbRich","Extensive"
22,4114.2502275443,1045.36304291101,"HerbRich",1.27041743342743,3.935714253,"HerbRich","Extensive"
27,4699.89522156909,786.122437420247,"Mosaics",0.334527643855769,5.97857916,"HerbRich","Extensive"
30,231.68096744,37.4618329341796,"Mosaics",0.0808478860998397,6.184453597,"RyeGrass","Intensive"
32,659.23601510241,146.950453349739,"NestProtection",0,4.486110795,"RyeGrass","Intensive"
33,4908.4183992985,1305.1527943537,"HerbRich",1.86130619219046,3.760799824,"HerbRich","Extensive"
