Plot,Sample,Richness,Shannon,Simpson,Pielou,Richness_SRS,Shannon_SRS,Simpson_SRS,Pielou_SRS
1.1,F.BP.1,2663,4.52,0.939,0.573,29,2.57,0.884,0.764
1.2,F.BP.2,2589,4.49,0.956,0.572,27,2.28,0.822,0.691
1.3,F.BP.3,2664,4.48,0.943,0.568,28,1.97,0.679,0.592
2.1,F.BP.4,1782,4.56,0.969,0.609,29,2.83,0.929,0.84
2.2,F.BP.5,1843,4.42,0.958,0.587,29,2.7,0.911,0.801
2.3,F.BP.6,1867,4.6,0.968,0.61,29,2.62,0.901,0.777
3.1,F.BP.7,2164,4.45,0.945,0.579,29,2.58,0.893,0.767
3.2,F.BP.8,2530,4.37,0.93,0.557,29,2.81,0.924,0.836
3.3,F.BP.9,2487,4.5,0.955,0.575,29,2.03,0.73,0.603
4.1,F.BP.10,2020,4.01,0.923,0.527,28,2.9,0.935,0.871
4.2,F.BP.11,2052,3.64,0.903,0.478,29,2.67,0.918,0.794
4.3,ns,ns,ns,ns,ns,ns,ns,ns,ns
5.1,F.BP.12,2318,3.88,0.906,0.501,28,2.64,0.901,0.793
5.2,F.BP.13,2305,4.12,0.943,0.532,28,2.33,0.824,0.698
5.3,F.BP.14,2224,3.83,0.931,0.497,28,2.42,0.865,0.726
6.1,F.BP.15,1976,2.94,0.775,0.388,27,2.53,0.906,0.767
6.2,F.BP.16,1652,2.19,0.589,0.295,27,2.42,0.88,0.735
6.3,F.BP.17,1684,2.51,0.662,0.338,28,2.42,0.887,0.728
7.1,F.BP.18,2162,4.83,0.978,0.629,30,2.47,0.88,0.726
7.2,F.BP.19,2058,4.78,0.971,0.627,29,2.3,0.859,0.684
7.3,F.BP.20,2190,4.9,0.978,0.637,30,2.24,0.81,0.658
8.1,F.BP.21,2433,4.85,0.977,0.622,28,2.36,0.852,0.709
8.2,F.BP.22,2408,4.75,0.962,0.61,28,2.04,0.768,0.612
8.3,F.BP.23,2542,4.67,0.966,0.596,27,2.1,0.815,0.636
9.1,F.BP.24,2557,4.61,0.964,0.588,28,2.28,0.857,0.685
9.2,F.BP.25,2315,4.59,0.962,0.593,28,1.88,0.752,0.565
9.3,F.BP.26,2152,4.54,0.968,0.592,30,2.11,0.818,0.621
10.1,F.BP.27,2990,4.65,0.935,0.581,29,2.85,0.924,0.847
10.2,F.BP.28,2874,5,0.977,0.628,30,2.84,0.923,0.835
10.3,F.BP.29,2780,4.51,0.931,0.569,28,2.8,0.914,0.84
11.1,F.BP.30,2499,4.59,0.948,0.586,28,2.74,0.909,0.823
11.2,F.BP.31,2271,4.14,0.925,0.535,28,2.39,0.827,0.716
11.3,F.BP.32,2198,4.23,0.929,0.549,27,2.74,0.915,0.832
12.1,F.BP.33,1843,3.75,0.916,0.499,27,2.81,0.923,0.853
12.2,F.BP.34,2003,3.95,0.927,0.519,30,2.72,0.913,0.801
12.3,F.BP.35,1966,4.02,0.942,0.53,28,2.62,0.903,0.785
13.1,F.BP.36,1718,3.62,0.897,0.486,30,2.51,0.897,0.737
13.2,F.BP.37,2018,4.06,0.942,0.534,28,2.62,0.9,0.788
13.3,F.BP.38,1884,3.78,0.923,0.501,28,2.61,0.9,0.783
14.1,F.BP.39,2858,4.46,0.907,0.56,28,2.87,0.928,0.863
14.2,F.BP.40,2715,3.94,0.838,0.498,28,2.93,0.934,0.879
14.3,F.BP.41,2614,4.31,0.904,0.547,28,3.03,0.942,0.908
15.1,F.BP.42,2472,3.4,0.84,0.435,30,2.7,0.91,0.795
15.2,F.BP.43,2449,3.59,0.856,0.46,29,2.77,0.92,0.821
15.3,F.BP.44,2173,3.5,0.862,0.456,30,2.7,0.9,0.793
16.1,F.BP.45,2217,4.21,0.957,0.546,28,2.68,0.913,0.805
16.2,F.BP.46,2552,4.17,0.948,0.531,28,2.69,0.905,0.807
16.3,F.BP.47,2413,4.19,0.948,0.538,28,2.58,0.888,0.773
17.1,F.BP.48,2752,4.7,0.967,0.594,28,2.72,0.903,0.816
17.2,F.BP.49,2491,3.93,0.901,0.503,28,2.07,0.763,0.62
17.3,F.BP.50,2860,4.9,0.98,0.616,30,2.83,0.92,0.832
18.1,F.BP.51,2512,4.59,0.972,0.586,28,2.72,0.906,0.816
18.2,F.BP.52,2481,4.77,0.979,0.61,30,2.88,0.926,0.846
18.3,F.BP.53,2398,4.29,0.959,0.551,28,2.65,0.908,0.795
19.1,F.BP.54,2845,5.33,0.987,0.67,28,2.6,0.887,0.779
19.2,F.BP.55,2436,4.94,0.973,0.633,28,2.7,0.91,0.809
19.3,F.BP.56,2688,5.04,0.983,0.638,28,2.77,0.926,0.832
20.1,F.BP.57,2329,4.22,0.959,0.545,28,2.72,0.913,0.817
20.2,F.BP.58,2232,4.16,0.95,0.54,30,2.73,0.918,0.804
20.3,F.BP.59,2325,3.99,0.945,0.515,29,2.77,0.917,0.822
21.1,F.BP.60,2069,3.81,0.876,0.5,30,2.83,0.929,0.833
21.2,F.BP.61,2387,3.28,0.802,0.422,28,2.68,0.887,0.805
21.3,F.BP.62,2396,3.87,0.852,0.497,28,3.08,0.945,0.924
22.1,F.BP.63,2532,3.88,0.865,0.496,28,2.81,0.912,0.843
22.2,F.BP.64,2580,4.46,0.928,0.568,30,2.97,0.938,0.874
22.3,F.BP.65,2653,4.11,0.883,0.522,30,2.67,0.901,0.785
23.1,F.BP.66,2237,3.51,0.866,0.455,30,1.12,0.544,0.33
23.2,F.BP.67,2753,4.78,0.961,0.603,30,1.53,0.569,0.451
23.3,F.BP.68,2204,3.82,0.897,0.497,30,1.35,0.588,0.397
24.1,F.BP.69,2577,4.85,0.973,0.617,30,2.61,0.904,0.767
24.2,F.BP.70,2545,4.86,0.968,0.619,30,2.65,0.914,0.78
24.3,F.BP.71,2702,5.23,0.984,0.662,30,2.63,0.909,0.773
25.1,F.BP.72,2577,4.9,0.974,0.624,30,2.63,0.901,0.772
25.2,F.BP.73,2739,4.8,0.972,0.606,27,2.53,0.874,0.767
25.3,F.BP.74,3062,5.06,0.977,0.63,30,2.83,0.927,0.831
26.1,F.BP.75,2550,4.91,0.977,0.626,29,2.06,0.799,0.611
26.2,F.BP.76,2775,4.97,0.977,0.626,30,1.9,0.757,0.56
26.3,F.BP.77,2841,4.87,0.973,0.612,28,2.28,0.852,0.683
27.1,F.BP.78,2315,4.53,0.966,0.585,28,2.6,0.893,0.779
27.2,F.BP.79,1937,2.49,0.666,0.329,28,0.88,0.292,0.263
27.3,F.BP.80,2244,4.38,0.957,0.567,28,2.7,0.91,0.81
28.1,F.BP.81,1778,4.09,0.959,0.547,28,2.3,0.853,0.689
28.2,F.BP.82,1814,4.17,0.959,0.555,30,2.32,0.844,0.681
28.3,F.BP.83,2021,4.34,0.957,0.571,29,2.57,0.894,0.764
29.1,F.BP.84,2730,4.84,0.969,0.611,30,2.79,0.923,0.82
29.2,F.BP.85,2851,4.67,0.959,0.587,28,2.54,0.865,0.764
29.3,F.BP.86,2860,4.51,0.92,0.567,28,2.88,0.933,0.864
30.1,F.BP.87,2063,3.77,0.938,0.494,28,2.72,0.902,0.817
30.2,F.BP.88,2183,3.9,0.928,0.507,28,2.41,0.821,0.723
30.3,ns,ns,ns,ns,ns,ns,ns,ns,ns
31.1,F.BP.90,2887,5.35,0.988,0.671,28,2.15,0.802,0.646
31.2,F.BP.91,3048,5.26,0.986,0.656,28,2.39,0.855,0.716
31.3,F.BP.92,2886,4.34,0.921,0.544,28,1.26,0.491,0.378
32.1,F.BP.93,2415,4.38,0.958,0.563,28,2.56,0.878,0.769
32.2,F.BP.94,2348,4.23,0.954,0.545,27,2.51,0.87,0.761
32.3,F.BP.95,2296,4.1,0.951,0.53,28,2.19,0.793,0.658
33.1,F.BP.96,2908,5.06,0.981,0.634,27,2.8,0.916,0.849
33.2,F.BP.97,2875,4.95,0.978,0.621,28,2.34,0.837,0.703
33.3,F.BP.98,2593,4.4,0.963,0.56,28,2.77,0.92,0.831
34.1,F.BP.99,2718,4.11,0.887,0.52,28,2.59,0.892,0.777
34.2,F.BP.100,2756,4.72,0.946,0.596,28,2.57,0.896,0.772
34.3,F.BP.101,2927,4.85,0.947,0.607,28,2.64,0.904,0.791