Plot,meadowtype,ManagedYesNo,Management type,AES,aryl_sul_mean,ac_fos_mean,beta_glu_mean,urease_mean,pH_mean,BD_0_10_mean,Moisture_percent_DS,TerritorialsPerHa,SOM_Average_g_kg_soil,POM_Average_g_kg_soil,ClaySilt_Average_percent,MAOM_mean_g_kg,Shannon,Shannon_SRS
1,HerbRich,AES,Intermediate,DelayedMowing,876.8509896449781,1782.0214954012183,574.5555519357561,105.83305837112162,5.973333333333334,796.7630838,63.57,0.70750090681649,133.027138,43.44594492301383,72.27093207186518,89.58333333333333,4.496666666666667,2.2733333333333334
2,RyeGrass,Conventional Meadows,Intensive,IntensiveAgriculture,863.5023039844913,1937.311830177102,521.6984089329129,160.823846620539,5.72,959.84628970000006,50.22,0,134.8605204,37.23376281908736,82.078590241022,97.62666666666668,4.526666666666666,2.716666666666667
3,ProtectedSite,Site Protection,Diversified,SiteProtection,713.8402563599033,1733.9999798702938,414.1666701350893,82.75826894487602,4.683333333333334,632.1361270499999,63.17,0,145.7519688,41.2676838243058,62.432332109456574,105.74666666666668,4.44,2.473333333333333
4,RyeGrass,Conventional Meadows,Intensive,IntensiveAgriculture,666.83563635462815,788.3010821855196,354.98412558578315,112.5939004804721,6.489999999999999,1063.414062,35.62,0,75.56230173,28.2663259593693,53.29439429344213,47.29666666666666,3.825,2.785
5,RyeGrass,Conventional Meadows,Intensive,IntensiveAgriculture,407.9565083174687,1648.666652097497,348.19900205242817,76.9641523585824,5.613333333333333,965.7910098,39.98,0,95.49697987,30.11207653902474,50.82376514902731,65.38666666666667,3.9433333333333334,2.4633333333333334
6,RyeGrass,AES,Intermediate,NestProtection,622.420777423435,707.2688159660626,379.07715305816487,142.8338810879627,6.913333333333334,989.91957985,41.67,0.262081303823037,88.48586542,47.48304811355834,31.482129138989695,41.00333333333334,2.5466666666666664,2.4566666666666666
7,HerbRich,Conventional Meadows,Intensive,IntensiveAgriculture,512.3544329452349,1142.3655929001427,295.3503600662744,84.80441147089861,5.6933333333333325,906.9237808,48.88,0,81.46657513,46.171971439701935,28.11217325635022,35.29666666666667,4.836666666666667,2.336666666666667
8,ProtectedSite,Site Protection,Diversified,SiteProtection,492.79478566489416,1098.4731042154374,336.212962186337,45.41854498976801,5.84,942.3618186,45.77,1.05620957058499,86.35678858,61.034566604110005,14.84943681,25.320000000000004,4.756666666666667,2.1666666666666665
9,ProtectedSite,Site Protection,Diversified,SiteProtection,579.0026932206005,901.311834771146,386.8881222424909,46.464121842392935,6.3933333333333335,930.0885728,57.61,1.4801638266853,108.2835392,69.17648429229668,17.377431297221122,39.10666666666666,4.58,2.09
10,HerbRich,AES,Diversified,HerbRich,653.7487261780697,2324.1935206895237,486.34416418949394,113.32951917633584,4.956666666666667,732.1728888499999,55.44,0.406185317992189,149.7101567,55.39635279512533,64.22608311275461,94.31333333333332,4.72,2.83
11,HerbRich,Site Protection,Diversified,SiteProtection,440.41305139394126,1360.6881744015602,356.59270545068097,86.04793065944666,5.669999999999999,901.01317665,49.35,0.552987453557432,103.93965,20.805896907122147,68.16597674465861,83.13666666666666,4.32,2.6233333333333335
12,RyeGrass,Site Protection,Intermediate,SiteProtection,539.6048407258695,1446.709697082479,382.14392470027514,109.99303024995496,5.803333333333334,895.7337193,48.44,0,82.96568455,37.32824404840192,47.008872181758875,45.63666666666666,3.9066666666666667,2.716666666666667
13,RyeGrass,AES,Intermediate,NestProtection,576.1069995282218,1791.5268676152791,438.9844976416553,155.42065933140864,6.136666666666667,1042.74827,49.31,0,117.2208859,28.64139458998466,82.56023403322307,88.58,3.82,2.58
14,HerbRich,AES,Diversified,HerbRich,892.1108385603643,2793.0322418828164,742.8564833618335,151.93378102368425,5.676666666666667,638.9252193,62.38,NA,171.8763844,54.42681810122068,79.35578467565801,117.45,4.236666666666666,2.9433333333333334
15,HerbRich,AES,Intermediate,NestProtection,966.1708835582492,2869.440913318306,771.1361075681938,200.45262515138447,5.736666666666667,752.5060493999999,58.34,NA,191.2413808,74.07036728076467,76.30181356093084,117.17,3.4966666666666666,2.7233333333333336
16,RyeGrass,AES,Intermediate,NestProtection,998.2244080486176,1326.1505353732775,603.6950250391924,144.21712143229414,6.4799999999999995,718.210899,61.25,NA,159.5480474,48.33828437134613,81.14671845697647,111.21333333333332,4.19,2.65
17,HerbRich,AES,Diversified,HerbRich,689.6308601114428,2512.3440803917506,714.7369244982787,97.03847051065136,5.25,722.10012765,55.41,NA,172.4729794,56.279675966709085,84.98638558300462,116.19333333333331,4.51,2.54
18,HerbRich,AES,Intermediate,NestProtection,825.2216359420559,2836.344117236394,702.8124818941154,179.74418006258784,5.1066666666666665,602.5063453,55.91,NA,177.7423439,54.48391757202156,83.19931961958717,123.25666666666666,4.55,2.75
19,ProtectedSite,Site Protection,Diversified,SiteProtection,793.4111205234168,2242.9677460680728,652.2454905027573,71.8114242805844,5.353333333333333,823.72328535,46.16,NA,140.7781035,41.684326290710644,84.5063849363995,99.09333333333332,5.1033333333333335,2.69
20,RyeGrass,Conventional Meadows,Intensive,IntensiveAgriculture,629.2961832449399,2122.1720853056963,450.9784642036862,125.04194359661334,5.456666666666667,732.317882,47.47,0,141.114978,40.64272129461275,80.6462276001129,100.47333333333334,4.123333333333333,2.74
21,HerbRich,AES,Diversified,HerbRich,1160.6670580521195,2617.7634732595056,689.9822102503767,183.86921542344825,5.04,625.53467315,85.06,2.31997373109211,208.7739446,91.01309879564072,63.148734249212765,117.76333333333332,3.6533333333333333,2.8633333333333333
22,HerbRich,AES,Diversified,HerbRich,884.1927095607806,1959.8924794402176,571.2084052958216,108.0049018569186,5.53,631.6499735,81.74,1.27041743342743,189.3465047,85.08693259436198,72.7053357164077,104.26,4.15,2.816666666666667
23,ProtectedSite,Site Protection,Diversified,SiteProtection,984.7849832674042,2344.8387077957073,561.8103293518578,83.59616308636025,4.953333333333333,570.65902085,64.09,0.570926104094888,184.5857372,79.80781996252027,65.19983968662997,104.78000000000002,4.036666666666667,1.3333333333333335
24,ProtectedSite,Site Protection,Diversified,SiteProtection,913.541925013616,2673.419351977687,673.4469422850907,102.55124283774454,4.903333333333333,640.11928075,91.84,1.69916599995872,198.5551167,92.62435333306053,61.95673085186585,105.93,4.98,2.63
25,ProtectedSite,Site Protection,Diversified,SiteProtection,518.11927139909,1932.6451518099796,376.0789930267681,70.08711137871106,4.8999999999999995,711.38769075,55.31,0,178.5134972,61.11260698626841,74.71865705236465,117.4,4.92,2.663333333333333
26,ProtectedSite,Site Protection,Diversified,SiteProtection,384.38520095391897,807.2851491957839,279.03590249451184,32.967822477924585,5.273333333333333,876.23640175,59.63,0,82.85277324,30.88941797996286,49.03599105959352,51.96333333333333,4.916666666666667,2.08
27,HerbRich,AES,Intermediate,Mosaics,496.3343469714484,1824.966889372077,597.7871123291159,138.22507785227333,5.386666666666667,984.97275405,54.12,0.334527643855769,112.2581999,27.459341916916628,77.90844767543722,84.79666666666667,3.8000000000000003,2.06
28,RyeGrass,Conventional Meadows,Intensive,IntensiveAgriculture,636.6694727339373,2176.534193634628,564.1732401715298,178.56917174524585,5.2,813.5481760499999,63.24,0,168.0358564,66.53670024653319,60.03207604833029,101.5,4.2,2.3966666666666665
29,ProtectedSite,Site Protection,Diversified,SiteProtection,536.1189113075362,2043.5208409149416,477.1813825690283,45.36243951326778,5.3500000000000005,759.8068822,65.42,1.01599281524344,128.1325432,35.46612381746488,56.75490518385188,92.66333333333334,4.673333333333333,2.736666666666667
30,RyeGrass,AES,Intermediate,Mosaics,490.5115872933089,1737.5303203145922,401.8897678992264,129.2079275265315,5.353333333333334,1072.173355,52.39,0.0808478860998397,105.5811856,60.31693118478979,33.28208361688143,45.26333333333333,3.835,2.5650000000000004
31,ProtectedSite,Site Protection,Diversified,SiteProtection,384.3303382962993,1936.975489901881,351.76047549966364,65.00029148242595,4.41,NA,94.91,0,187.7808667,83.6194468320644,63.88408393553873,104.16,4.983333333333333,1.9333333333333333
32,RyeGrass,AES,Intermediate,NestProtection,622.3998019714703,2225.154400905896,463.82078512581376,164.7507295913408,5.523333333333333,886.351808,67.47,0,166.2960641,41.35570101305877,79.92533283549129,124.93666666666668,4.236666666666666,2.42
33,HerbRich,AES,Diversified,HerbRich,583.563486955562,1755.5165305018684,454.6158596153195,108.89675493177124,5.903333333333333,867.03359965,79.55,1.86130619219046,153.1236834,43.625048863602814,83.1924450988386,109.49666666666668,4.803333333333334,2.6366666666666667
34,ProtectedSite,Site Protection,Diversified,SiteProtection,618.7356335719886,1345.649880756255,320.88117980623946,86.09117339044944,4.946666666666666,811.8935481,72.29,0.144350011542617,101.299081,55.274700231377096,17.104583274667906,46.02333333333333,4.56,2.6
